scoreObj,auc,dpViol,eoddsViol,prpViol
3.9332772873286306,0.963015961885255,0.09257743754884312,0.05432649889084867,0.11095413186256875
