scoreObj,auc,dpViol,eoddsViol,prpViol
4.173398643486699,0.2879820605042837,0.060907350137272886,0.2035282888130343,0.04916990263594223
