scoreObj,auc,dpViol,eoddsViol,prpViol
1.727131352708199,0.9418035486290284,0.11220417891267126,0.0636609331341299,0.06504509611056464
