scoreObj,auc,dpViol,eoddsViol,prpViol
3.9895286625004918,0.9670001532769497,0.09903995181858721,0.06013599420600038,0.09833980485266158
